target,model,target_type,rows,status,accuracy,balanced_accuracy,brier_score,f1,log_loss,roc_auc,folds,mae,rmse
home_win,xgboost,classification,942,ok,0.6394904458598726,0.6346662822201616,0.2749170482158661,0.6807084920557085,0.9040842175483703,0.6685924371111621,5.0,,
home_win,lightgbm,classification,942,ok,0.6458598726114649,0.6431086479845325,0.25221283055192306,0.6802334680219038,0.7942080966705688,0.6867751028250643,5.0,,
home_win,catboost,classification,942,ok,0.6458598726114648,0.6413766266353271,0.21722158281649437,0.6816429188304747,0.6234606216069001,0.7067317407886973,5.0,,
home_win,logistic_regression,classification,942,ok,0.5477707006369427,0.5470448659749456,0.35137570215237884,0.5730967928835875,1.6205464224788138,0.5676071045858653,5.0,,
home_win,extra_trees,classification,942,ok,0.6496815286624203,0.6423409772604228,0.2159481847133758,0.6877623892794728,0.6227902821777759,0.7112200386185489,5.0,,
home_score,xgboost,regression,942,ok,,,,,,,5.0,9.974812608463749,12.608600074761956
home_score,lightgbm,regression,942,ok,,,,,,,5.0,9.53903271878347,11.95065617266818
home_score,catboost,regression,942,ok,,,,,,,5.0,9.367663052416528,11.788323429145557
home_score,ridge,regression,942,ok,,,,,,,5.0,12.85135453014964,16.67076194046635
home_score,extra_trees,regression,942,ok,,,,,,,5.0,9.184987261146496,11.579679319620674
home_score,hist_gb,regression,942,ok,,,,,,,5.0,9.47210974201186,11.871497655335222
away_score,xgboost,regression,942,ok,,,,,,,5.0,11.255236583150877,14.254554244578362
away_score,lightgbm,regression,942,ok,,,,,,,5.0,9.504318196125556,12.289513328601895
away_score,catboost,regression,942,ok,,,,,,,5.0,9.629284035041998,12.251058418828656
away_score,ridge,regression,942,ok,,,,,,,5.0,19.985039572881057,42.133665588896925
away_score,extra_trees,regression,942,ok,,,,,,,5.0,9.437127388535032,12.102455568824611
away_score,hist_gb,regression,942,ok,,,,,,,5.0,9.6152330209738,12.376392691501177
full_margin,xgboost,regression,942,ok,,,,,,,5.0,12.714564810218556,15.989431274636146
full_margin,lightgbm,regression,942,ok,,,,,,,5.0,10.973277069653697,13.91314523163986
full_margin,catboost,regression,942,ok,,,,,,,5.0,11.099460917019657,14.035792789907049
full_margin,ridge,regression,942,ok,,,,,,,5.0,21.018420032660146,43.339038368017896
full_margin,extra_trees,regression,942,ok,,,,,,,5.0,10.767490445859874,13.690997964974112
full_margin,hist_gb,regression,942,ok,,,,,,,5.0,11.24122200767484,14.120516283927737
full_total,xgboost,regression,942,ok,,,,,,,5.0,18.24851715671029,24.467483783655457
full_total,lightgbm,regression,942,ok,,,,,,,5.0,15.715851816983427,19.54778487772438
full_total,catboost,regression,942,ok,,,,,,,5.0,15.124628172392772,19.097938030756612
full_total,ridge,regression,942,ok,,,,,,,5.0,28.047564359948193,50.525619834488886
full_total,extra_trees,regression,942,ok,,,,,,,5.0,15.034025477707008,19.055935979548195
full_total,hist_gb,regression,942,ok,,,,,,,5.0,15.554422441354117,19.474290480489845
home_first_half,xgboost,regression,942,ok,,,,,,,5.0,6.564672922025061,8.270569090373185
home_first_half,lightgbm,regression,942,ok,,,,,,,5.0,6.406066890051697,8.041800150666901
home_first_half,catboost,regression,942,ok,,,,,,,5.0,6.253877281332672,7.812780196446136
home_first_half,ridge,regression,942,ok,,,,,,,5.0,12.972993693836454,27.0826329075675
home_first_half,extra_trees,regression,942,ok,,,,,,,5.0,6.128891719745223,7.679571581326869
home_first_half,hist_gb,regression,942,ok,,,,,,,5.0,6.322301182726078,7.987166311665133
away_first_half,xgboost,regression,942,ok,,,,,,,5.0,6.9309957953775,8.844292943903168
away_first_half,lightgbm,regression,942,ok,,,,,,,5.0,6.3143574228580635,8.044029390908607
away_first_half,catboost,regression,942,ok,,,,,,,5.0,6.1949367409620475,7.876747048511841
away_first_half,ridge,regression,942,ok,,,,,,,5.0,13.338177506967131,25.871779138295267
away_first_half,extra_trees,regression,942,ok,,,,,,,5.0,6.139891719745223,7.841584066086218
away_first_half,hist_gb,regression,942,ok,,,,,,,5.0,6.259853038709676,7.941979780662703
first_half_margin,xgboost,regression,942,ok,,,,,,,5.0,9.329401772674233,11.749256670637118
first_half_margin,lightgbm,regression,942,ok,,,,,,,5.0,8.419486001358301,10.568483820946465
first_half_margin,catboost,regression,942,ok,,,,,,,5.0,8.506877115275671,10.634866728786806
first_half_margin,ridge,regression,942,ok,,,,,,,5.0,19.093056375969205,45.984812422391926
first_half_margin,extra_trees,regression,942,ok,,,,,,,5.0,8.277528662420384,10.29627817540949
first_half_margin,hist_gb,regression,942,ok,,,,,,,5.0,8.463234600441924,10.662549709595307
first_half_total,xgboost,regression,942,ok,,,,,,,5.0,10.523517360808743,13.315400750545887
first_half_total,lightgbm,regression,942,ok,,,,,,,5.0,9.258567373673253,11.686799468933518
first_half_total,catboost,regression,942,ok,,,,,,,5.0,9.267813480953418,11.661708936520663
first_half_total,ridge,regression,942,ok,,,,,,,5.0,15.960977402198177,22.58033647678609
first_half_total,extra_trees,regression,942,ok,,,,,,,5.0,9.118993630573248,11.58942165211633
first_half_total,hist_gb,regression,942,ok,,,,,,,5.0,9.281277530061868,11.825493992170866
home_second_half,xgboost,regression,942,ok,,,,,,,5.0,6.956155325045252,8.671370755071624
home_second_half,lightgbm,regression,942,ok,,,,,,,5.0,6.54285528059521,8.118198522950276
home_second_half,catboost,regression,942,ok,,,,,,,5.0,6.4753656484628355,8.096293101776896
home_second_half,ridge,regression,942,ok,,,,,,,5.0,13.434402488461647,27.268015645176366
home_second_half,extra_trees,regression,942,ok,,,,,,,5.0,6.313203821656051,7.950701366321167
home_second_half,hist_gb,regression,942,ok,,,,,,,5.0,6.6758040362062445,8.272332222938912
away_second_half,xgboost,regression,942,ok,,,,,,,5.0,6.980407649240675,8.684377550055409
away_second_half,lightgbm,regression,942,ok,,,,,,,5.0,6.853069506288643,8.55690131597178
away_second_half,catboost,regression,942,ok,,,,,,,5.0,6.7704460666011155,8.423574072478457
away_second_half,ridge,regression,942,ok,,,,,,,5.0,12.63400334585038,20.86127105981188
away_second_half,extra_trees,regression,942,ok,,,,,,,5.0,6.598490445859872,8.153922007316833
away_second_half,hist_gb,regression,942,ok,,,,,,,5.0,6.827928979682239,8.543975313778883
second_half_margin,xgboost,regression,942,ok,,,,,,,5.0,8.541665608306552,10.653821199983188
second_half_margin,lightgbm,regression,942,ok,,,,,,,5.0,8.318445739017502,10.266795295899081
second_half_margin,catboost,regression,942,ok,,,,,,,5.0,8.212665613368095,10.324492011393794
second_half_margin,ridge,regression,942,ok,,,,,,,5.0,12.749911879164205,18.89347040119649
second_half_margin,extra_trees,regression,942,ok,,,,,,,5.0,7.9631974522293,9.931321695062916
second_half_margin,hist_gb,regression,942,ok,,,,,,,5.0,8.307137308640504,10.316931660204606
second_half_total,xgboost,regression,942,ok,,,,,,,5.0,11.355021390489714,14.46138255536325
second_half_total,lightgbm,regression,942,ok,,,,,,,5.0,10.252689523447742,12.84099178702101
second_half_total,catboost,regression,942,ok,,,,,,,5.0,10.129315168621641,12.781452463942385
second_half_total,ridge,regression,942,ok,,,,,,,5.0,22.18432458610702,44.35671262468428
second_half_total,extra_trees,regression,942,ok,,,,,,,5.0,9.98088535031847,12.527453359978043
second_half_total,hist_gb,regression,942,ok,,,,,,,5.0,10.190434819087805,12.783183024092398
home_q1,xgboost,regression,942,ok,,,,,,,5.0,4.847402087898011,6.007210981170907
home_q1,lightgbm,regression,942,ok,,,,,,,5.0,4.571880193870634,5.694640055617067
home_q1,catboost,regression,942,ok,,,,,,,5.0,4.4915021249702525,5.624073977553975
home_q1,ridge,regression,942,ok,,,,,,,5.0,9.21737478916009,17.024023520619437
home_q1,extra_trees,regression,942,ok,,,,,,,5.0,4.403063694267516,5.499161284218575
home_q1,hist_gb,regression,942,ok,,,,,,,5.0,4.568709110582207,5.658727034971895
away_q1,xgboost,regression,942,ok,,,,,,,5.0,4.743984410717229,5.9807907352443355
away_q1,lightgbm,regression,942,ok,,,,,,,5.0,4.5350007973349715,5.720631980268964
away_q1,catboost,regression,942,ok,,,,,,,5.0,4.533732398835818,5.683033371261374
away_q1,ridge,regression,942,ok,,,,,,,5.0,10.971932606500864,24.130963386855022
away_q1,extra_trees,regression,942,ok,,,,,,,5.0,4.457312101910828,5.6205984496247705
away_q1,hist_gb,regression,942,ok,,,,,,,5.0,4.557980948740776,5.713873274120177
q1_margin,xgboost,regression,942,ok,,,,,,,5.0,6.689946083211382,8.425030765388055
q1_margin,lightgbm,regression,942,ok,,,,,,,5.0,6.18392694692725,7.74579186615176
q1_margin,catboost,regression,942,ok,,,,,,,5.0,6.20762662314965,7.800878505805183
q1_margin,ridge,regression,942,ok,,,,,,,5.0,14.712082640928543,32.77660493736409
q1_margin,extra_trees,regression,942,ok,,,,,,,5.0,6.064197452229299,7.592537442786887
q1_margin,hist_gb,regression,942,ok,,,,,,,5.0,6.197357690285161,7.885799949213869
q1_total,xgboost,regression,942,ok,,,,,,,5.0,7.243783788012851,9.299966426201113
q1_total,lightgbm,regression,942,ok,,,,,,,5.0,6.404627990790179,8.084791558923346
q1_total,catboost,regression,942,ok,,,,,,,5.0,6.50212805356485,8.217232284365654
q1_total,ridge,regression,942,ok,,,,,,,5.0,13.819613073635503,26.137547713221135
q1_total,extra_trees,regression,942,ok,,,,,,,5.0,6.43787898089172,8.149890336293542
q1_total,hist_gb,regression,942,ok,,,,,,,5.0,6.522014169704297,8.19493332191406
home_q2,xgboost,regression,942,ok,,,,,,,5.0,4.9359737226158185,6.100932914701068
home_q2,lightgbm,regression,942,ok,,,,,,,5.0,4.6252338102701005,5.73966249009295
home_q2,catboost,regression,942,ok,,,,,,,5.0,4.532533029314572,5.643904942443661
home_q2,ridge,regression,942,ok,,,,,,,5.0,11.30398507799244,24.421225490597056
home_q2,extra_trees,regression,942,ok,,,,,,,5.0,4.486254777070064,5.5310819971205785
home_q2,hist_gb,regression,942,ok,,,,,,,5.0,4.572070187631633,5.632657830330189
away_q2,xgboost,regression,942,ok,,,,,,,5.0,4.705930141278893,5.900915708929182
away_q2,lightgbm,regression,942,ok,,,,,,,5.0,4.372614790771597,5.471553366116163
away_q2,catboost,regression,942,ok,,,,,,,5.0,4.394557892423225,5.479434698522768
away_q2,ridge,regression,942,ok,,,,,,,5.0,8.825399128698185,15.68677487393426
away_q2,extra_trees,regression,942,ok,,,,,,,5.0,4.250108280254777,5.289189598598721
away_q2,hist_gb,regression,942,ok,,,,,,,5.0,4.4828768834946615,5.539042587971496
q2_margin,xgboost,regression,942,ok,,,,,,,5.0,7.4781729581997185,9.22408455084218
q2_margin,lightgbm,regression,942,ok,,,,,,,5.0,6.412684023210247,8.038410708647714
q2_margin,catboost,regression,942,ok,,,,,,,5.0,6.2506781972492105,7.848925891162099
q2_margin,ridge,regression,942,ok,,,,,,,5.0,14.32506657029044,31.639362958517165
q2_margin,extra_trees,regression,942,ok,,,,,,,5.0,6.116210191082803,7.602393027899952
q2_margin,hist_gb,regression,942,ok,,,,,,,5.0,6.408384762631227,8.072615473862525
q2_total,xgboost,regression,942,ok,,,,,,,5.0,6.360414568178213,7.961104003043118
q2_total,lightgbm,regression,942,ok,,,,,,,5.0,6.1893307024746935,7.739201399402717
q2_total,catboost,regression,942,ok,,,,,,,5.0,6.219285598182725,7.72351433347268
q2_total,ridge,regression,942,ok,,,,,,,5.0,13.592576724319466,26.604888687108463
q2_total,extra_trees,regression,942,ok,,,,,,,5.0,6.081777070063694,7.536586219947521
q2_total,hist_gb,regression,942,ok,,,,,,,5.0,6.287113964875465,7.852374753401437
home_q3,xgboost,regression,942,ok,,,,,,,5.0,4.5358845315921075,5.71689678611698
home_q3,lightgbm,regression,942,ok,,,,,,,5.0,4.494489539141766,5.593606236271039
home_q3,catboost,regression,942,ok,,,,,,,5.0,4.338284223420027,5.404351607353789
home_q3,ridge,regression,942,ok,,,,,,,5.0,9.129379794694637,17.693779968271777
home_q3,extra_trees,regression,942,ok,,,,,,,5.0,4.2601082802547765,5.33369667718891
home_q3,hist_gb,regression,942,ok,,,,,,,5.0,4.417366195441554,5.539537573177908
away_q3,xgboost,regression,942,ok,,,,,,,5.0,4.876720315483725,6.087853871014456
away_q3,lightgbm,regression,942,ok,,,,,,,5.0,4.646616179880311,5.839120651787322
away_q3,catboost,regression,942,ok,,,,,,,5.0,4.5120443022578085,5.654520267793174
away_q3,ridge,regression,942,ok,,,,,,,5.0,8.316347831375476,12.95187272990139
away_q3,extra_trees,regression,942,ok,,,,,,,5.0,4.464509554140128,5.609816310073909
away_q3,hist_gb,regression,942,ok,,,,,,,5.0,4.604771036069442,5.771214874545142
q3_margin,xgboost,regression,942,ok,,,,,,,5.0,6.347249056517954,7.969228252122166
q3_margin,lightgbm,regression,942,ok,,,,,,,5.0,6.192223731093446,7.6884308572815225
q3_margin,catboost,regression,942,ok,,,,,,,5.0,6.075885763023568,7.56650055592973
q3_margin,ridge,regression,942,ok,,,,,,,5.0,10.307263552501821,15.61995344080567
q3_margin,extra_trees,regression,942,ok,,,,,,,5.0,5.909764331210191,7.38233942758073
q3_margin,hist_gb,regression,942,ok,,,,,,,5.0,6.0819931261291815,7.642810052862191
q3_total,xgboost,regression,942,ok,,,,,,,5.0,7.086363521503036,8.947289321804785
q3_total,lightgbm,regression,942,ok,,,,,,,5.0,6.61692619571068,8.267749421194674
q3_total,catboost,regression,942,ok,,,,,,,5.0,6.558282509774775,8.126025017577396
q3_total,ridge,regression,942,ok,,,,,,,5.0,13.704134269351787,26.75227993178445
q3_total,extra_trees,regression,942,ok,,,,,,,5.0,6.42371974522293,8.040853042858183
q3_total,hist_gb,regression,942,ok,,,,,,,5.0,6.5922492311288625,8.281860700512263
home_q4,xgboost,regression,942,ok,,,,,,,5.0,5.107547600861568,6.283101278860785
home_q4,lightgbm,regression,942,ok,,,,,,,5.0,4.8488044416473794,5.952419606262122
home_q4,catboost,regression,942,ok,,,,,,,5.0,4.778271277102748,5.881366708152153
home_q4,ridge,regression,942,ok,,,,,,,5.0,10.253592256125886,20.66255768070942
home_q4,extra_trees,regression,942,ok,,,,,,,5.0,4.644324840764331,5.676190338057853
home_q4,hist_gb,regression,942,ok,,,,,,,5.0,4.864349391604405,5.949110703608421
away_q4,xgboost,regression,942,ok,,,,,,,5.0,4.955993283022741,6.207112713699035
away_q4,lightgbm,regression,942,ok,,,,,,,5.0,4.609609681212272,5.793268353047965
away_q4,catboost,regression,942,ok,,,,,,,5.0,4.670278759121612,5.784441812720244
away_q4,ridge,regression,942,ok,,,,,,,5.0,8.32962828996462,12.41799594241938
away_q4,extra_trees,regression,942,ok,,,,,,,5.0,4.607191082802548,5.723547648786561
away_q4,hist_gb,regression,942,ok,,,,,,,5.0,4.67335036436035,5.841613989065622
q4_margin,xgboost,regression,942,ok,,,,,,,5.0,6.596085892367372,8.047951682154565
q4_margin,lightgbm,regression,942,ok,,,,,,,5.0,6.337186220216845,7.808905205012668
q4_margin,catboost,regression,942,ok,,,,,,,5.0,6.123562600492794,7.637987926193077
q4_margin,ridge,regression,942,ok,,,,,,,5.0,10.951568161716146,18.046756924035854
q4_margin,extra_trees,regression,942,ok,,,,,,,5.0,5.979133757961783,7.4199404075638125
q4_margin,hist_gb,regression,942,ok,,,,,,,5.0,6.224251231319054,7.663748480258684
q4_total,xgboost,regression,942,ok,,,,,,,5.0,7.583979180208436,9.497768843348886
q4_total,lightgbm,regression,942,ok,,,,,,,5.0,7.1188666573049915,8.922691389815581
q4_total,catboost,regression,942,ok,,,,,,,5.0,7.143975017344836,8.925698142880734
q4_total,ridge,regression,942,ok,,,,,,,5.0,15.351622561596523,29.39439276673882
q4_total,extra_trees,regression,942,ok,,,,,,,5.0,7.050038216560509,8.77989479400253
q4_total,hist_gb,regression,942,ok,,,,,,,5.0,7.125733141134364,8.903653010579585
